Time (%),Total Time (ns),Instances,Avg (ns),Med (ns),Min (ns),Max (ns),StdDev (ns),Name
45.0,2701687198,6636,407125.9,467424.0,136736,3070496,228614.9,fused_moe_kernel
21.5,1288560347,14445,89204.6,61632.0,3552,783328,99991.7,void cutlass::Kernel2<cutlass_80_wmma_tensorop_bf16_s161616gemm_bf16_16x16_128x1_tn_align8>(T1::Params)
8.8,530336384,8058,65814.9,47760.0,34336,1686144,89227.1,ncclDevKernel_AllReduce_Sum_bf16_RING_LL(ncclDevKernelArgsStorage<(unsigned long)4096>)
7.3,436609243,10625,41092.6,13472.0,3936,1549248,166205.3,void cutlass::Kernel2<cutlass_80_wmma_tensorop_bf16_s161616gemm_bf16_16x16_128x2_tn_align8>(T1::Params)
2.6,156466208,3276,47761.4,46064.0,11264,97792,15660.5,"void deep_gemm::sm120_fp8_fp4_gemm_1d1d_impl<(unsigned int)0, (unsigned int)4, (unsigned int)512, (unsigned int)128, (unsigned int)128, (unsigned int)1, (unsigned int)128, (unsigned int)16, (unsigned int)64, (unsigned int)64, (unsigned int)64, (unsigned int)0, (unsigned int)10, (unsigned int)128, (unsigned int)256, (unsigned int)48, (deep_gemm::GemmType)0, (bool)0, cutlass::bfloat16_t, deep_gemm::epilogue::transform::EpilogueIdentity, (bool)0, (bool)0, (bool)0, (bool)1, (bool)0, (unsigned int)128, (unsigned int)1>(T19 *, const T19 *, __nv_fp8_e4m3 *, __nv_fp8_e4m3 *, int *, CUtensorMap_st *, float *, unsigned int, unsigned int, unsigned int, unsigned int, unsigned int, unsigned int, CUtensorMap_st, CUtensorMap_st, CUtensorMap_st, CUtensorMap_st, CUtensorMap_st)"
1.6,94053210,6942,13548.4,12832.0,8640,170112,3251.6,mhc_fused_tilelang_kernel
1.4,86054527,3276,26268.2,27296.0,18848,56352,4017.0,"void deep_gemm::sm120_fp8_fp4_gemm_1d1d_impl<(unsigned int)0, (unsigned int)4, (unsigned int)4096, (unsigned int)128, (unsigned int)128, (unsigned int)1, (unsigned int)128, (unsigned int)16, (unsigned int)128, (unsigned int)128, (unsigned int)128, (unsigned int)0, (unsigned int)5, (unsigned int)128, (unsigned int)256, (unsigned int)48, (deep_gemm::GemmType)0, (bool)0, cutlass::bfloat16_t, deep_gemm::epilogue::transform::EpilogueIdentity, (bool)0, (bool)0, (bool)0, (bool)1, (bool)0, (unsigned int)128, (unsigned int)4>(T19 *, const T19 *, __nv_fp8_e4m3 *, __nv_fp8_e4m3 *, int *, CUtensorMap_st *, float *, unsigned int, unsigned int, unsigned int, unsigned int, unsigned int, unsigned int, CUtensorMap_st, CUtensorMap_st, CUtensorMap_st, CUtensorMap_st, CUtensorMap_st)"
1.0,61138459,3318,18426.3,15040.0,1856,71520,15804.4,"void per_token_group_quant_8bit_packed_register_kernel<c10::BFloat16, c10::Float8_e4m3fn, (int)128, (int)4, (int)4>(const T1 *, void *, unsigned int *, int, int, int, int, int, long, float, float, float)"
1.0,58611840,858,68312.2,67648.0,65792,222624,7893.1,"void gemmSN_NN_kernel<float, (int)256, (int)4, (int)2, (int)8, (int)4, (int)4, (bool)0, cublasGemvTensorStridedBatched<const float>, cublasGemvTensorStridedBatched<const float>, cublasGemvTensorStridedBatched<float>>(cublasGemmSmallNParams<T9, T10, T11, T1>)"
0.9,52049343,3318,15687.0,17248.0,2528,29024,6349.8,"void vllm::moe::single_group_topk::detail::single_group_topk_block_kernel<float, float, int, (vllm::moe::ScoringFunc)1, (int)384, (int)8>(const T1 *, float *, T3 *, const T2 *, long, long, bool, float, bool)"
0.8,46363959,7584,6113.4,2240.0,1120,26880,5744.3,"void at::native::unrolled_elementwise_kernel<at::native::direct_copy_kernel_cuda(at::TensorIteratorBase &)::[lambda() (instance 3)]::operator ()() const::[lambda() (instance 7)]::operator ()() const::[lambda(float) (instance 1)], std::array<char *, (unsigned long)2>, (int)4, TrivialOffsetCalculator<(int)1, unsigned int>, TrivialOffsetCalculator<(int)1, unsigned int>, at::native::memory::LoadWithCast<(int)1>, at::native::memory::StoreWithCast<(int)1>>(int, T1, T2, T4, T5, T6, T7)"
0.6,36085216,2652,13606.8,13472.0,10848,64928,1853.9,fused_recurrent_gated_delta_rule_fwd_kernel
0.6,35268736,234,150721.1,149360.0,145888,419488,17820.1,"void deep_gemm::sm120_fp8_fp4_gemm_1d1d_impl<(unsigned int)0, (unsigned int)4, (unsigned int)4096, (unsigned int)128, (unsigned int)128, (unsigned int)1, (unsigned int)128, (unsigned int)16, (unsigned int)64, (unsigned int)64, (unsigned int)64, (unsigned int)0, (unsigned int)10, (unsigned int)128, (unsigned int)256, (unsigned int)48, (deep_gemm::GemmType)0, (bool)0, cutlass::bfloat16_t, deep_gemm::epilogue::transform::EpilogueIdentity, (bool)0, (bool)0, (bool)0, (bool)1, (bool)0, (unsigned int)128, (unsigned int)1>(T19 *, const T19 *, __nv_fp8_e4m3 *, __nv_fp8_e4m3 *, int *, CUtensorMap_st *, float *, unsigned int, unsigned int, unsigned int, unsigned int, unsigned int, unsigned int, CUtensorMap_st, CUtensorMap_st, CUtensorMap_st, CUtensorMap_st, CUtensorMap_st)"
0.6,34013411,7110,4783.9,4096.0,3968,18688,1045.3,mhc_pre_big_fuse_with_norm_tilelang_kernel
0.5,27012671,3318,8141.3,1600.0,896,70080,14362.8,"void deep_gemm::sm120_split_k_reduce_impl<cutlass::bfloat16_t, (unsigned int)4>(T1 *, const float *, unsigned int, unsigned int, int, int)"
0.4,26588194,3555,7479.1,2144.0,1215,82400,11466.9,"void vllm::act_and_mul_kernel<c10::BFloat16, __nv_bfloat162, &vllm::silu_kernel<c10::BFloat16>, &vllm::packed_silu_kernel<__nv_bfloat162>, (bool)1, (bool)1, (bool)1, (bool)0>(T1 *, const T1 *, int, float, float, float)"
0.4,23500186,6636,3541.3,2080.0,1888,27424,3537.6,"void per_token_group_quant_8bit_kernel<c10::BFloat16, c10::Float8_e4m3fn, (bool)0, (bool)1, float>(const T1 *, void *, T5 *, int, int, int, float, float, float, int, int)"
0.3,20721662,869,23845.4,23424.0,19392,50176,2093.4,void cutlass::Kernel2<cutlass_80_wmma_tensorop_bf16_s161616gemm_bf16_32x32_64x2_nn_align8>(T1::Params)
0.3,18987104,869,21849.4,20992.0,18912,87072,3328.9,void cutlass::Kernel2<cutlass_80_wmma_tensorop_bf16_s161616gemm_bf16_32x32_64x2_tn_align8>(T1::Params)
0.3,16707472,11025,1515.4,1472.0,832,33344,804.5,"void at::native::elementwise_kernel<(int)128, (int)4, void at::native::gpu_kernel_impl_nocast<at::native::direct_copy_kernel_cuda(at::TensorIteratorBase &)::[lambda() (instance 3)]::operator ()() const::[lambda() (instance 12)]::operator ()() const::[lambda(c10::BFloat16) (instance 1)]>(at::TensorIteratorBase &, const T1 &)::[lambda(int) (instance 1)]>(int, T3)"
0.3,16643232,858,19397.7,16256.0,15424,30368,3698.7,"void vllm::topKPerRowDecode<(int)1024, (bool)1, (bool)0, (bool)1>(const float *, const int *, int *, int, int, int, int, int, float *, int, const int *)"
0.3,15954912,869,18360.1,16608.0,10656,38272,5662.4,"void flashinfer::mla::BatchMLAPagedAttentionKernel<flashinfer::mla::KernelTraits<(bool)0, (unsigned int)1, (bool)0, (unsigned int)512, (unsigned int)0, (unsigned int)64, (unsigned int)16, __nv_bfloat16, __nv_fp8_e4m3, __nv_bfloat16, int>, flashinfer::MLAParams<__nv_bfloat16, __nv_fp8_e4m3, __nv_bfloat16, int>>(T2)"
0.3,15555511,9137,1702.5,1248.0,992,22752,1600.7,"void cublasLt::splitKreduce_kernel<(int)32, (int)16, int, __nv_bfloat16, __nv_bfloat16, float, __nv_bfloat16, (bool)0, __nv_bfloat16, __nv_bfloat16, __nv_bfloat16, (bool)1, (bool)0, (bool)0, (bool)0>(cublasLt::cublasSplitKParams<T6>, const T4 *, const T10 *, T9 *, T5 *, const T6 *, const T6 *, const T11 *, const T4 *, T11 *, void *, long, T6 *, int *, T6 *, T6 *, const T6 *, const T6 *, const T6 *, const T6 *, const T6 *)"
0.2,14887776,234,63623.0,63072.0,60480,192992,8582.0,"void deep_gemm::sm120_fp8_fp4_gemm_1d1d_impl<(unsigned int)0, (unsigned int)4, (unsigned int)3072, (unsigned int)128, (unsigned int)128, (unsigned int)1, (unsigned int)128, (unsigned int)16, (unsigned int)64, (unsigned int)64, (unsigned int)64, (unsigned int)0, (unsigned int)10, (unsigned int)128, (unsigned int)256, (unsigned int)48, (deep_gemm::GemmType)0, (bool)0, cutlass::bfloat16_t, deep_gemm::epilogue::transform::EpilogueIdentity, (bool)0, (bool)0, (bool)0, (bool)1, (bool)0, (unsigned int)128, (unsigned int)1>(T19 *, const T19 *, __nv_fp8_e4m3 *, __nv_fp8_e4m3 *, int *, CUtensorMap_st *, float *, unsigned int, unsigned int, unsigned int, unsigned int, unsigned int, unsigned int, CUtensorMap_st, CUtensorMap_st, CUtensorMap_st, CUtensorMap_st, CUtensorMap_st)"
0.2,14865728,237,62724.6,22656.0,6528,542080,71629.0,ncclDevKernel_AllGather_RING_LL(ncclDevKernelArgsStorage<(unsigned long)4096>)
0.2,12351900,2652,4657.6,3744.0,3328,35936,1635.0,_causal_conv1d_update_kernel
0.2,9787679,34,287872.9,279631.5,257056,421440,29855.5,void cutlass::Kernel2<cutlass_80_wmma_tensorop_bf16_s161616gemm_bf16_32x32_128x1_tn_align8>(T1::Params)
0.1,8418399,3555,2368.0,2176.0,1920,13952,610.8,"void per_token_group_quant_8bit_packed_register_kernel<c10::BFloat16, c10::Float8_e4m3fn, (int)128, (int)16, (int)1>(const T1 *, void *, unsigned int *, int, int, int, int, int, long, float, float, float)"
0.1,7388378,6988,1057.3,800.0,608,10816,670.2,"void at::native::vectorized_elementwise_kernel<(int)4, at::native::FillFunctor<int>, std::array<char *, (unsigned long)1>>(int, T2, T3)"
0.1,7244000,4898,1479.0,1600.0,800,20032,590.1,"void at::native::vectorized_elementwise_kernel<(int)4, at::native::CUDAFunctor_add<c10::BFloat16>, std::array<char *, (unsigned long)3>>(int, T2, T3)"
0.1,7158464,395,18122.7,17792.0,14176,130688,6224.7,"kernel_mha(unsigned int, unsigned int, unsigned int, const unsigned int *, unsigned int, float, const float *, Vec<__nv_bfloat16, (unsigned int)128> *, const Vec<__nv_bfloat16, (unsigned int)128> *, const unsigned int *, const float *, KVCacheList<(bool)1>, unsigned int, float, const float *, unsigned int, unsigned int, unsigned int, unsigned int *, void *)"
0.1,6779488,3318,2043.2,1984.0,1312,10304,340.9,triton_poi_fused_clamp_copy__mul_silu_slice_0
0.1,6205728,3318,1870.3,1728.0,1408,20992,861.2,"void vllm::moe::moe_sum_vec_kernel<c10::BFloat16, int, (int)8, (bool)0>(T1 *, const T1 *, long, int, long, long, const T2 *, const int *, long, long)"
0.1,6151836,2686,2290.3,2240.0,2112,14912,474.6,layer_norm_gated_fwd_kernel
0.1,5849214,3239,1805.9,1792.0,1440,7776,311.3,"void at::native::elementwise_kernel<(int)128, (int)4, void at::native::gpu_kernel_impl_nocast<at::native::BinaryFunctor<c10::BFloat16, c10::BFloat16, c10::BFloat16, at::native::binary_internal::MulFunctor<float>>>(at::TensorIteratorBase &, const T1 &)::[lambda(int) (instance 1)]>(int, T3)"
0.1,4900800,1580,3101.8,2816.0,2624,9280,542.8,"void at::native::elementwise_kernel<(int)128, (int)4, void at::native::gpu_kernel_impl<at::native::BinaryFunctor<c10::BFloat16, c10::BFloat16, c10::BFloat16, at::native::binary_internal::MulFunctor<float>>>(at::TensorIteratorBase &, const T1 &)::[lambda(int) (instance 1)]>(int, T3)"
0.1,4439136,56,79270.3,85680.0,58048,97280,11569.6,nvjet_sm121_tst_mma_96x64x64_4_16x64x64_tmaAB_bz_TNNN
0.1,4415968,1580,2794.9,2720.0,2496,12320,395.5,"void at::native::elementwise_kernel<(int)128, (int)4, void at::native::gpu_kernel_impl_nocast<at::native::CUDAFunctor_add<c10::BFloat16>>(at::TensorIteratorBase &, const T1 &)::[lambda(int) (instance 1)]>(int, T3)"
0.1,3698624,858,4310.8,4672.0,2560,9408,991.6,_kpool_decode_update_batched_kernel
0.1,3385599,869,3896.0,3872.0,1664,18176,823.3,"void vllm::concat_and_cache_mla_kernel<__nv_bfloat16, unsigned char, (vllm::Fp8KVCacheDataType)1>(const T1 *, const T1 *, T2 *, const long *, int, int, int, int, int, int, int, const float *)"
0.1,3062016,869,3523.6,3488.0,3424,13216,406.5,_fwht_quant_kernel
0.0,2900248,790,3671.2,3456.0,1920,16000,1134.2,"void vllm::reshape_and_cache_flash_kernel<__nv_bfloat16, unsigned char, (vllm::Fp8KVCacheDataType)1>(const T1 *, const T1 *, T2 *, T2 *, const long *, long, long, long, long, long, int, int, int, const float *, const float *, int)"
0.0,2765406,858,3223.1,2976.0,2880,10944,824.3,"void deep_gemm::sm120_fp8_paged_mqa_logits<(unsigned int)1, (unsigned int)32, (unsigned int)128, (unsigned int)64, (bool)1, (bool)0, (unsigned int)2, (unsigned int)3, (unsigned int)128, (unsigned int)128, (unsigned int)256, float>(unsigned int, unsigned int, unsigned int, const unsigned int *, T12 *, const unsigned int *, const unsigned int *, const unsigned int *, CUtensorMap_st, CUtensorMap_st, CUtensorMap_st, CUtensorMap_st)"
0.0,2653696,563,4713.5,3680.0,2816,56992,3473.2,mhc_post_tilelang_kernel
0.0,2428352,168,14454.5,13856.0,10208,46144,3003.7,"void deep_gemm::sm120_tf32_hc_prenorm_gemm_impl<(unsigned int)24, (unsigned int)16384, (unsigned int)128, (unsigned int)32, (unsigned int)64, (unsigned int)48, (unsigned int)4, (unsigned int)256, (unsigned int)128>(unsigned int, CUtensorMap_st, CUtensorMap_st, float *, float *)"
0.0,2348765,1333,1762.0,1984.0,1024,9600,578.7,"void at::native::unrolled_elementwise_kernel<at::native::direct_copy_kernel_cuda(at::TensorIteratorBase &)::[lambda() (instance 3)]::operator ()() const::[lambda() (instance 4)]::operator ()() const::[lambda(long) (instance 1)], std::array<char *, (unsigned long)2>, (int)4, TrivialOffsetCalculator<(int)1, unsigned int>, TrivialOffsetCalculator<(int)1, unsigned int>, at::native::memory::LoadWithCast<(int)1>, at::native::memory::StoreWithCast<(int)1>>(int, T1, T2, T4, T5, T6, T7)"
0.0,2179743,474,4598.6,4512.0,4384,27584,1077.4,"void at::native::reduce_kernel<(int)128, (int)4, at::native::ReduceOp<c10::BFloat16, at::native::MeanOps<c10::BFloat16, float, float, c10::BFloat16>, unsigned int, c10::BFloat16, (int)4, (int)8>>(T3)"
0.0,2119391,790,2682.8,2592.0,2304,10976,431.5,"std::enable_if<T2>(int)0&&vllm::_typeConvert<T1>::exists, void>::type vllm::fused_add_rms_norm_kernel<c10::BFloat16, (int)8, (bool)1>(T1 *, long, T1 *, const T1 *, float, int, int, long)"
0.0,2095616,11,190510.5,188416.0,176128,202816,7855.2,nvjet_sm121_tst_mma_128x64x64_4_32x64x64_tmaAB_bz_TNNN
0.0,2056415,158,13015.3,12400.0,5024,23328,7969.4,"void flashinfer::sampling::RadixTopKKernel_Unified<(unsigned int)1024, (unsigned int)8, (bool)1, (bool)1, (flashinfer::sampling::RadixTopKMode)0, __nv_bfloat16, int, flashinfer::sampling::DirectPageTableKernelPolicy<int>, >(T6 *, T7 *, T6 *, const T7 *, T7 *, const T7 *, const T7 *, const T7 *, long, unsigned int, unsigned int, unsigned int, flashinfer::sampling::RadixRowState *, flashinfer::sampling::RadixDeterministicCollectScratch *, unsigned int, unsigned int, T9...)"
0.0,2001824,1731,1156.5,1184.0,928,5024,359.7,"void at::native::unrolled_elementwise_kernel<at::native::direct_copy_kernel_cuda(at::TensorIteratorBase &)::[lambda() (instance 3)]::operator ()() const::[lambda() (instance 3)]::operator ()() const::[lambda(int) (instance 1)], std::array<char *, (unsigned long)2>, (int)4, TrivialOffsetCalculator<(int)1, unsigned int>, TrivialOffsetCalculator<(int)1, unsigned int>, at::native::memory::LoadWithCast<(int)1>, at::native::memory::StoreWithCast<(int)1>>(int, T1, T2, T4, T5, T6, T7)"
0.0,1685824,1602,1052.3,1024.0,960,1952,70.6,"void at::native::vectorized_elementwise_kernel<(int)4, void at::native::compare_scalar_kernel<long>(at::TensorIteratorBase &, at::native::<unnamed>::OpType, T1)::[lambda(long) (instance 1)], std::array<char *, (unsigned long)2>>(int, T2, T3)"
0.0,1660767,790,2102.2,1920.0,1696,4192,529.5,"void vllm::rms_norm_kernel<c10::BFloat16, (int)8, (int)3, (bool)1>(T1 *, const T1 *, long, long, long, long, long, const T1 *, long, float, int, int)"
0.0,1575648,858,1836.4,1376.0,1312,10048,1091.0,"void vllm::topKPerRowDecode<(int)512, (bool)1, (bool)1, (bool)0>(const float *, const int *, int *, int, int, int, int, int, float *, int, const int *)"
0.0,1571135,869,1808.0,1696.0,1664,5728,334.6,_convert_req_index_to_global_index_kernel
0.0,1531296,1580,969.2,960.0,896,1440,66.3,"void at::native::vectorized_elementwise_kernel<(int)2, at::native::AUnaryFunctor<long, long, long, at::native::BitwiseAndFunctor<long>>, std::array<char *, (unsigned long)2>>(int, T2, T3)"
0.0,1430975,861,1662.0,1344.0,1248,9824,669.9,"void at::native::index_elementwise_kernel<(int)128, (int)4, void at::native::gpu_index_kernel<void at::native::index_kernel_impl<at::native::OpaqueType<(int)4>>(at::TensorIteratorBase &, c10::ArrayRef<long>, c10::ArrayRef<long>)::[lambda(char *, const char *, long) (instance 1)]>(at::TensorIteratorBase &, c10::ArrayRef<long>, c10::ArrayRef<long>, const T1 &, bool)::[lambda(int) (instance 1)]>(long, T3)"
0.0,1397632,1256,1112.8,1024.0,960,5376,321.9,"void at::native::vectorized_elementwise_kernel<(int)4, at::native::CUDAFunctorOnSelf_add<int>, std::array<char *, (unsigned long)2>>(int, T2, T3)"
0.0,1350206,869,1553.7,1504.0,1440,3872,130.5,_fused_q_kv_rmsnorm_kernel
0.0,1349472,1185,1138.8,1120.0,1024,8448,227.6,"void at::native::vectorized_elementwise_kernel<(int)4, at::native::<unnamed>::launch_clamp_scalar(at::TensorIteratorBase &, c10::Scalar, c10::Scalar, at::native::detail::ClampLimits)::[lambda() (instance 1)]::operator ()() const::[lambda() (instance 3)]::operator ()() const::[lambda(int) (instance 1)], std::array<char *, (unsigned long)2>>(int, T2, T3)"
0.0,1312544,1,1312544.0,1312544.0,1312544,1312544,0.0,"std::enable_if<!T7, void>::type internal::gemvx::kernel<int, int, __nv_bfloat16, __nv_bfloat16, __nv_bfloat16, float, (bool)0, (bool)1, (bool)1, (bool)0, (int)7, (bool)0, cublasGemvParamsEx<int, cublasGemvTensorStridedBatched<const __nv_bfloat16>, cublasGemvTensorStridedBatched<const __nv_bfloat16>, cublasGemvTensorStridedBatched<__nv_bfloat16>, float>>(T13)"
0.0,1302912,12,108576.0,110096.0,91040,130592,13161.4,void cutlass::Kernel2<cutlass_80_wmma_tensorop_bf16_s161616gemm_bf16_32x32_128x1_tn_align2>(T1::Params)
0.0,1275584,42,30371.0,26272.0,11936,93088,13925.9,"void deep_gemm::sm120_fp8_fp4_gemm_1d1d_impl<(unsigned int)0, (unsigned int)4096, (unsigned int)512, (unsigned int)128, (unsigned int)128, (unsigned int)1, (unsigned int)64, (unsigned int)128, (unsigned int)128, (unsigned int)128, (unsigned int)128, (unsigned int)128, (unsigned int)3, (unsigned int)128, (unsigned int)256, (unsigned int)48, (deep_gemm::GemmType)0, (bool)0, cutlass::bfloat16_t, deep_gemm::epilogue::transform::EpilogueIdentity, (bool)0, (bool)0, (bool)0, (bool)1, (bool)0, (unsigned int)64, (unsigned int)1>(T19 *, const T19 *, __nv_fp8_e4m3 *, __nv_fp8_e4m3 *, int *, CUtensorMap_st *, float *, unsigned int, unsigned int, unsigned int, unsigned int, unsigned int, unsigned int, CUtensorMap_st, CUtensorMap_st, CUtensorMap_st, CUtensorMap_st, CUtensorMap_st)"
0.0,1274912,338,3771.9,4080.0,1024,7520,1789.4,"void at::native::vectorized_gather_kernel<(int)16, long>(char *, char *, T2 *, int, long, long, long, long, bool)"
0.0,1269823,869,1461.2,1312.0,1248,88544,2964.4,triton_red_fused__to_copy_native_layer_norm_0
0.0,1260032,84,15000.4,15584.0,7680,28224,3675.1,nvjet_sm121_tst_mma_64x32x64_8_32x16x64_tmaAB_splitK_TNNN
0.0,1240255,869,1427.2,1280.0,1216,7392,460.5,"void at::native::elementwise_kernel<(int)128, (int)2, void at::native::gpu_kernel_impl_nocast<at::native::direct_copy_kernel_cuda(at::TensorIteratorBase &)::[lambda() (instance 3)]::operator ()() const::[lambda() (instance 3)]::operator ()() const::[lambda(int) (instance 1)]>(at::TensorIteratorBase &, const T1 &)::[lambda(int) (instance 1)]>(int, T3)"
0.0,1211456,1602,756.2,640.0,608,3104,431.5,"void <unnamed>::elementwise_kernel_with_index<int, at::native::arange_cuda_out(const c10::Scalar &, const c10::Scalar &, const c10::Scalar &, at::Tensor &)::[lambda() (instance 1)]::operator ()() const::[lambda() (instance 4)]::operator ()() const::[lambda(long) (instance 1)]>(T1, T2, function_traits<T2>::result_type *)"
0.0,1190464,1614,737.6,640.0,576,5024,192.5,"void at::native::vectorized_elementwise_kernel<(int)4, at::native::FillFunctor<c10::BFloat16>, std::array<char *, (unsigned long)1>>(int, T2, T3)"
0.0,1019744,157,6495.2,6496.0,2816,10272,1335.5,"void at::native::<unnamed>::indexSelectSmallIndex<c10::BFloat16, long, unsigned int, (int)2, (int)2, (int)-2>(at::cuda::detail::TensorInfo<T1, T3>, at::cuda::detail::TensorInfo<const T1, T3>, at::cuda::detail::TensorInfo<const T2, T3>, int, int, T3, long)"
0.0,1002656,79,12691.8,12736.0,4672,13824,938.5,_prepare_dflash_inputs_kernel
0.0,1000960,42,23832.4,22960.0,21472,38272,3464.1,"void deep_gemm::sm120_fp8_fp4_gemm_1d1d_impl<(unsigned int)0, (unsigned int)1024, (unsigned int)4096, (unsigned int)128, (unsigned int)128, (unsigned int)1, (unsigned int)64, (unsigned int)128, (unsigned int)128, (unsigned int)128, (unsigned int)128, (unsigned int)128, (unsigned int)3, (unsigned int)128, (unsigned int)256, (unsigned int)48, (deep_gemm::GemmType)0, (bool)0, cutlass::bfloat16_t, deep_gemm::epilogue::transform::EpilogueIdentity, (bool)0, (bool)0, (bool)0, (bool)1, (bool)0, (unsigned int)64, (unsigned int)4>(T19 *, const T19 *, __nv_fp8_e4m3 *, __nv_fp8_e4m3 *, int *, CUtensorMap_st *, float *, unsigned int, unsigned int, unsigned int, unsigned int, unsigned int, unsigned int, CUtensorMap_st, CUtensorMap_st, CUtensorMap_st, CUtensorMap_st, CUtensorMap_st)"
0.0,976672,474,2060.5,1920.0,1248,4448,550.4,"void vllm::rotary_embedding_kernel<c10::BFloat16, c10::BFloat16, (bool)1>(const long *, T1 *, T1 *, const T2 *, int, long, long, long, int, int, int, long, bool)"
0.0,825568,1,825568.0,825568.0,825568,825568,0.0,void cutlass::Kernel2<cutlass_80_tensorop_bf16_s16816gemm_relu_bf16_128x64_64x3_tn_align8>(T1::Params)
0.0,820768,858,956.6,896.0,832,4000,158.7,_expand_pools_and_append_tail_kernel
0.0,725984,395,1837.9,1792.0,1408,11488,553.6,"void vllm::act_and_mul_kernel<c10::BFloat16, __nv_bfloat162, &vllm::silu_kernel<c10::BFloat16>, &vllm::packed_silu_kernel<__nv_bfloat162>, (bool)1, (bool)1, (bool)0, (bool)0>(T1 *, const T1 *, int, float, float, float)"
0.0,699358,237,2950.9,2176.0,2016,124992,7977.6,"void vllm::rms_norm_kernel<c10::BFloat16, (int)8, (int)2, (bool)1>(T1 *, const T1 *, long, long, long, long, long, const T1 *, long, float, int, int)"
0.0,679551,106,6410.9,1792.0,1376,28928,6489.2,"void cublasLt::splitKreduce_kernel<(int)32, (int)16, int, float, __nv_bfloat16, float, __nv_bfloat16, (bool)0, float, __nv_bfloat16, __nv_bfloat16, (bool)1, (bool)0, (bool)0, (bool)0>(cublasLt::cublasSplitKParams<T6>, const T4 *, const T10 *, T9 *, T5 *, const T6 *, const T6 *, const T11 *, const T4 *, T11 *, void *, long, T6 *, int *, T6 *, T6 *, const T6 *, const T6 *, const T6 *, const T6 *, const T6 *)"
0.0,650975,869,749.1,736.0,704,1056,31.9,triton_poi_fused_mul_unsqueeze_0
0.0,616864,475,1298.7,1280.0,1216,4576,157.8,"void at::native::vectorized_elementwise_kernel<(int)4, at::native::BUnaryFunctor<int, int, int, at::native::binary_internal::div_floor_kernel_cuda(at::TensorIteratorBase &)::[lambda() (instance 1)]::operator ()() const::[lambda() (instance 3)]::operator ()() const::[lambda(int, int) (instance 1)]>, std::array<char *, (unsigned long)2>>(int, T2, T3)"
0.0,595872,78,7639.4,7776.0,4608,10784,1012.9,_compute_local_logits_stats_kernel
0.0,586848,79,7428.5,7744.0,4224,9824,902.6,_gather_block_tables_kernel
0.0,509952,316,1613.8,1600.0,1536,2432,59.8,"void at::native::_scatter_gather_elementwise_kernel<(int)128, (int)8, void at::native::_cuda_scatter_gather_internal_kernel<(bool)0, at::native::OpaqueType<(int)4>, long>::operator ()<at::native::TensorAssign>(at::TensorIterator &, long, long, long, const T1 &)::[lambda(int) (instance 1)]>(int, T3)"
0.0,509600,640,796.3,768.0,704,12320,470.8,"void <unnamed>::elementwise_kernel_with_index<int, at::native::arange_cuda_out(const c10::Scalar &, const c10::Scalar &, const c10::Scalar &, at::Tensor &)::[lambda() (instance 1)]::operator ()() const::[lambda() (instance 3)]::operator ()() const::[lambda(long) (instance 1)]>(T1, T2, function_traits<T2>::result_type *)"
0.0,479744,237,2024.2,1952.0,1888,8896,516.2,"void per_token_group_quant_8bit_packed_register_kernel<c10::BFloat16, c10::Float8_e4m3fn, (int)128, (int)8, (int)2>(const T1 *, void *, unsigned int *, int, int, int, int, int, long, float, float, float)"
0.0,464352,79,5877.9,5952.0,4896,6944,544.2,_post_update_kernel
0.0,432512,3,144170.7,141472.0,140800,150240,5266.9,"void deep_gemm::sm120_fp8_fp4_gemm_1d1d_impl<(unsigned int)0, (unsigned int)6144, (unsigned int)4096, (unsigned int)128, (unsigned int)128, (unsigned int)1, (unsigned int)64, (unsigned int)128, (unsigned int)128, (unsigned int)128, (unsigned int)128, (unsigned int)128, (unsigned int)3, (unsigned int)128, (unsigned int)256, (unsigned int)48, (deep_gemm::GemmType)0, (bool)0, cutlass::bfloat16_t, deep_gemm::epilogue::transform::EpilogueIdentity, (bool)0, (bool)0, (bool)0, (bool)1, (bool)0, (unsigned int)64, (unsigned int)1>(T19 *, const T19 *, __nv_fp8_e4m3 *, __nv_fp8_e4m3 *, int *, CUtensorMap_st *, float *, unsigned int, unsigned int, unsigned int, unsigned int, unsigned int, unsigned int, CUtensorMap_st, CUtensorMap_st, CUtensorMap_st, CUtensorMap_st, CUtensorMap_st)"
0.0,392128,158,2481.8,2432.0,2016,4672,313.1,"void at::native::index_elementwise_kernel<(int)128, (int)4, void at::native::gpu_index_kernel<void at::native::index_kernel_impl<at::native::OpaqueType<(int)8>>(at::TensorIteratorBase &, c10::ArrayRef<long>, c10::ArrayRef<long>)::[lambda(char *, const char *, long) (instance 1)]>(at::TensorIteratorBase &, c10::ArrayRef<long>, c10::ArrayRef<long>, const T1 &, bool)::[lambda(int) (instance 1)]>(long, T3)"
0.0,372576,68,5479.1,5216.0,4832,8256,727.6,nvjet_sm121_tst_mma_192x24x32_7_64x24x32_tmaAB_bz_TNNN
0.0,369472,395,935.4,928.0,896,1280,26.3,"void at::native::unrolled_elementwise_kernel<at::native::CUDAFunctor_add<int>, std::array<char *, (unsigned long)3>, (int)4, TrivialOffsetCalculator<(int)2, unsigned int>, TrivialOffsetCalculator<(int)1, unsigned int>, at::native::memory::LoadWithoutCast, at::native::memory::StoreWithoutCast>(int, T1, T2, T4, T5, T6, T7)"
0.0,364063,158,2304.2,2304.0,2112,2848,151.7,"void flashinfer::sampling::StableSortTopKByValueKernel<(unsigned int)32, (unsigned int)4, int, __nv_bfloat16>(T3 *, T4 *, unsigned int, unsigned int)"
0.0,336160,78,4309.7,4288.0,3808,5952,275.2,_prepare_uniform_decode_kernel
0.0,335232,317,1057.5,992.0,928,2176,161.3,"void at::native::elementwise_kernel<(int)128, (int)2, void at::native::gpu_kernel_impl_nocast<at::native::CUDAFunctor_add<int>>(at::TensorIteratorBase &, const T1 &)::[lambda(int) (instance 1)]>(int, T3)"
0.0,330720,158,2093.2,2112.0,1728,3840,205.1,"void at::native::elementwise_kernel<(int)128, (int)4, void at::native::gpu_kernel_impl_nocast<at::native::<unnamed>::masked_fill_kernel(at::TensorIterator &, const c10::Scalar &)::[lambda() (instance 1)]::operator ()() const::[lambda() (instance 12)]::operator ()() const::[lambda(c10::BFloat16, bool) (instance 1)]>(at::TensorIteratorBase &, const T1 &)::[lambda(int) (instance 1)]>(int, T3)"
0.0,303200,157,1931.2,2080.0,1472,4160,547.5,"void at::native::elementwise_kernel<(int)128, (int)2, void at::native::gpu_kernel_impl_nocast<at::native::BUnaryFunctor<int, int, int, at::native::binary_internal::div_floor_kernel_cuda(at::TensorIteratorBase &)::[lambda() (instance 1)]::operator ()() const::[lambda() (instance 3)]::operator ()() const::[lambda(int, int) (instance 1)]>>(at::TensorIteratorBase &, const T1 &)::[lambda(int) (instance 1)]>(int, T3)"
0.0,294112,34,8650.4,7648.0,7552,38240,5240.2,chunk_kda_scaled_dot_kkt_fwd_kernel_intra_sub_intra
0.0,284672,34,8372.7,8000.0,7744,10784,886.1,chunk_gla_fwd_kernel_o
0.0,277376,78,3556.1,3280.0,1248,12416,1150.3,_insert_resampled_kernel
0.0,274112,158,1734.9,1184.0,896,8992,1070.5,triton_poi_fused_add_bitwise_and_bitwise_not_bitwise_or_ge_lt_mul_sub_0
0.0,263616,34,7753.4,6864.0,5056,25344,3683.9,_causal_conv1d_fwd_kernel
0.0,262688,78,3367.8,3680.0,2592,5312,559.8,_rejection_kernel
0.0,260768,34,7669.6,7232.0,7200,19104,2026.6,merge_16x16_to_64x64_inverse_kernel
0.0,254208,79,3217.8,3200.0,3072,3648,86.2,void cutlass::Kernel2<cutlass_80_wmma_tensorop_bf16_s161616gemm_bf16_16x16_32x1_tn_align8>(T1::Params)
0.0,251872,79,3188.3,3200.0,3136,3392,32.1,"void at::native::elementwise_kernel<(int)128, (int)4, void at::native::gpu_kernel_impl<at::native::CUDAFunctor_add<float>>(at::TensorIteratorBase &, const T1 &)::[lambda(int) (instance 1)]>(int, T3)"
0.0,245824,79,3111.7,3104.0,928,4192,473.2,_scatter_num_accepted_kernel
0.0,241984,79,3063.1,2976.0,2912,4928,248.1,"void vllm::rms_norm_kernel<c10::BFloat16, (int)8, (int)4, (bool)1>(T1 *, const T1 *, long, long, long, long, long, const T1 *, long, float, int, int)"
0.0,238016,42,5667.0,6992.0,1216,9504,3046.7,"void vllm::moe::count_and_sort_expert_tokens_kernel<int>(const T1 *, int *, int *, int *, unsigned long, int, int, int, bool)"
0.0,224608,34,6606.1,6384.0,6048,9472,763.7,chunk_kda_scaled_dot_kkt_fwd_kernel_intra_sub_inter
0.0,223744,79,2832.2,2592.0,2496,6720,910.4,"void at::native::index_elementwise_kernel<(int)128, (int)4, void at::native::gpu_index_kernel<void at::native::index_put_kernel_impl<at::native::OpaqueType<(int)8>>(at::TensorIterator &, c10::ArrayRef<long>, c10::ArrayRef<long>)::[lambda(char *, const char *, long) (instance 1)]>(at::TensorIteratorBase &, c10::ArrayRef<long>, c10::ArrayRef<long>, const T1 &, bool)::[lambda(int) (instance 1)]>(long, T3)"
0.0,223584,79,2830.2,2848.0,800,4384,642.6,"void at::native::vectorized_elementwise_kernel<(int)2, at::native::FillFunctor<long>, std::array<char *, (unsigned long)1>>(int, T2, T3)"
0.0,207456,79,2626.0,2432.0,2368,14752,1394.5,_compute_slot_mappings_kernel
0.0,205600,78,2635.9,2240.0,2144,6080,639.3,_resample_kernel
0.0,202784,34,5964.2,5664.0,5536,13920,1413.7,recompute_w_u_fwd_kernel
0.0,201780,158,1277.1,1312.0,992,2496,249.1,"void at::native::elementwise_kernel<(int)128, (int)2, void at::native::gpu_kernel_impl_nocast<at::native::direct_copy_kernel_cuda(at::TensorIteratorBase &)::[lambda() (instance 3)]::operator ()() const::[lambda() (instance 4)]::operator ()() const::[lambda(long) (instance 1)]>(at::TensorIteratorBase &, const T1 &)::[lambda(int) (instance 1)]>(int, T3)"
0.0,190144,79,2406.9,2464.0,1888,3328,254.7,postprocess_mamba_fused_kernel
0.0,188672,3,62890.7,64288.0,60096,64288,2420.3,"void deep_gemm::sm120_fp8_fp4_gemm_1d1d_impl<(unsigned int)0, (unsigned int)4096, (unsigned int)3072, (unsigned int)128, (unsigned int)128, (unsigned int)1, (unsigned int)64, (unsigned int)128, (unsigned int)128, (unsigned int)128, (unsigned int)128, (unsigned int)128, (unsigned int)3, (unsigned int)128, (unsigned int)256, (unsigned int)48, (deep_gemm::GemmType)0, (bool)0, cutlass::bfloat16_t, deep_gemm::epilogue::transform::EpilogueIdentity, (bool)0, (bool)0, (bool)0, (bool)1, (bool)0, (unsigned int)64, (unsigned int)1>(T19 *, const T19 *, __nv_fp8_e4m3 *, __nv_fp8_e4m3 *, int *, CUtensorMap_st *, float *, unsigned int, unsigned int, unsigned int, unsigned int, unsigned int, unsigned int, CUtensorMap_st, CUtensorMap_st, CUtensorMap_st, CUtensorMap_st, CUtensorMap_st)"
0.0,187296,34,5508.7,5344.0,5056,8000,655.9,chunk_gated_delta_rule_fwd_kernel_h_blockdim64
0.0,186304,22,8468.4,8480.0,6208,17056,2326.6,nvjet_sm121_tst_mma_192x16x64_3_32x16x64_tmaAB_splitK_TNNN
0.0,175392,79,2220.2,2176.0,2144,2752,106.9,_selector_walk_kernel
0.0,172864,1,172864.0,172864.0,172864,172864,0.0,_zero_kv_blocks_kernel
0.0,171872,79,2175.6,1984.0,1920,13664,1368.4,"void at::native::<unnamed>::CatArrayBatchedCopy_vectorized<at::native::<unnamed>::OpaqueType<(unsigned int)2>, unsigned int, (int)2, (int)128, (int)1, (int)16, (int)8>(char *, at::native::<unnamed>::CatArrInputTensorMetadata<T1, T2, T4, T5>, at::native::<unnamed>::TensorSizeStride<T2, (unsigned int)4>, int, T2)"
0.0,167136,42,3979.4,3696.0,2688,11424,1324.1,"void vllm::moe::moe_align_block_size_kernel<int>(const T1 *, int *, int *, int *, int *, int, int, int, int, unsigned long, int *, int, int, bool)"
0.0,150400,79,1903.8,1888.0,1824,3200,157.5,precopy_mamba_align_fused_kernel
0.0,147136,34,4327.5,3920.0,3584,10816,1372.7,kda_gate_cumsum_fwd_kernel
0.0,143040,79,1810.6,1760.0,1696,2720,213.4,_combine_sampled_and_draft_tokens_kernel
0.0,141632,79,1792.8,1600.0,1536,9920,975.1,preprocess_mamba_align_fused_kernel
0.0,135456,80,1693.2,1696.0,1632,1952,37.8,"void at::native::_scatter_gather_elementwise_kernel<(int)128, (int)8, void at::native::_cuda_scatter_gather_internal_kernel<(bool)0, at::native::OpaqueType<(int)8>, long>::operator ()<at::native::TensorAssign>(at::TensorIterator &, long, long, long, const T1 &)::[lambda(int) (instance 1)]>(int, T3)"
0.0,127136,78,1629.9,1600.0,1568,2400,144.8,"void deep_gemm::sched::sm120_paged_mqa_logits_metadata<(unsigned int)32, (unsigned int)128, (unsigned int)48, (bool)0>(unsigned int, unsigned int, bool, unsigned int, const unsigned int *, const unsigned int *, unsigned int *)"
0.0,120768,79,1528.7,1408.0,1408,9504,909.6,"void at::native::elementwise_kernel<(int)128, (int)4, void at::native::gpu_kernel_impl<at::native::direct_copy_kernel_cuda(at::TensorIteratorBase &)::[lambda() (instance 3)]::operator ()() const::[lambda() (instance 4)]::operator ()() const::[lambda(long) (instance 1)]>(at::TensorIteratorBase &, const T1 &)::[lambda(int) (instance 1)]>(int, T3)"
0.0,106944,34,3145.4,3040.0,2496,4640,432.9,_scatter_states_kernel
0.0,105632,79,1337.1,1312.0,1280,2208,147.1,_get_num_sampled_and_rejected_kernel
0.0,102784,78,1317.7,1056.0,1024,6976,943.1,_expand_idx_mapping_kernel
0.0,101568,79,1285.7,1280.0,1248,1536,35.4,_prepare_pos_seq_lens_kernel
0.0,99072,79,1254.1,1216.0,1184,2400,145.8,_compressed_slot_mapping_kernel
0.0,93056,11,8459.6,5920.0,5344,30848,7476.6,void cutlass::Kernel2<cutlass_80_simt_sgemm_64x64_8x5_nn_align1>(T1::Params)
0.0,92448,90,1027.2,1024.0,992,1184,31.1,"void at::native::vectorized_elementwise_kernel<(int)2, at::native::CUDAFunctorOnSelf_add<long>, std::array<char *, (unsigned long)2>>(int, T2, T3)"
0.0,91744,68,1349.2,1344.0,1088,4384,427.2,l2norm_fwd_kernel2
0.0,83776,68,1232.0,736.0,672,15232,2033.2,"void at::native::vectorized_elementwise_kernel<(int)4, at::native::FillFunctor<float>, std::array<char *, (unsigned long)1>>(int, T2, T3)"
0.0,77632,34,2283.3,1856.0,1792,14624,2186.8,_gather_initial_states_kernel
0.0,76608,79,969.7,928.0,896,3936,338.6,"void at::native::vectorized_elementwise_kernel<(int)4, at::native::AUnaryFunctor<c10::BFloat16, c10::BFloat16, c10::BFloat16, at::native::binary_internal::MulFunctor<float>>, std::array<char *, (unsigned long)2>>(int, T2, T3)"
0.0,67168,34,1975.5,1056.0,1024,22880,3783.7,triton_poi_fused__to_copy_sigmoid_0
0.0,66080,79,836.5,800.0,800,2368,175.7,"void at::native::vectorized_elementwise_kernel<(int)4, at::native::FillFunctor<bool>, std::array<char *, (unsigned long)1>>(int, T2, T3)"
0.0,48160,11,4378.2,4000.0,1696,9216,2153.7,_kpool_softmax_rotate_write_cache_kernel
0.0,35520,11,3229.1,2688.0,2624,8096,1619.6,"void cublasLt::splitKreduce_kernel<(int)32, (int)16, int, float, float, float, float, (bool)0, float, float, float, (bool)1, (bool)0, (bool)0, (bool)0>(cublasLt::cublasSplitKParams<T6>, const T4 *, const T10 *, T9 *, T5 *, const T6 *, const T6 *, const T11 *, const T4 *, T11 *, void *, long, T6 *, int *, T6 *, T6 *, const T6 *, const T6 *, const T6 *, const T6 *, const T6 *)"
0.0,28224,11,2565.8,2304.0,2240,5056,827.8,"void at::native::elementwise_kernel<(int)128, (int)4, void at::native::gpu_kernel_impl_nocast<at::native::<unnamed>::CompareFunctor<int>>(at::TensorIteratorBase &, const T1 &)::[lambda(int) (instance 1)]>(int, T3)"
0.0,19360,11,1760.0,1536.0,1376,3392,587.4,"void at::native::vectorized_elementwise_kernel<(int)4, at::native::<unnamed>::masked_fill_kernel(at::TensorIterator &, const c10::Scalar &)::[lambda() (instance 1)]::operator ()() const::[lambda() (instance 3)]::operator ()() const::[lambda(int, bool) (instance 1)], std::array<char *, (unsigned long)3>>(int, T2, T3)"
0.0,18496,11,1681.5,1376.0,1312,3520,723.6,_kpool_tail_seed_kernel
0.0,18080,11,1643.6,1504.0,1472,2080,249.6,"void at::native::elementwise_kernel<(int)128, (int)2, void at::native::gpu_kernel_impl_nocast<at::native::CUDAFunctor_add<long>>(at::TensorIteratorBase &, const T1 &)::[lambda(int) (instance 1)]>(int, T3)"
0.0,15168,4,3792.0,4064.0,1440,5600,1728.9,_apply_write_kernel
0.0,15072,11,1370.2,1280.0,1248,1920,191.4,"void at::native::vectorized_elementwise_kernel<(int)4, at::native::BinaryFunctor<bool, bool, bool, at::native::BitwiseAndFunctor<bool>>, std::array<char *, (unsigned long)3>>(int, T2, T3)"
0.0,13472,11,1224.7,1216.0,1184,1408,64.1,"void at::native::vectorized_elementwise_kernel<(int)2, at::native::<unnamed>::launch_clamp_scalar(at::TensorIteratorBase &, c10::Scalar, c10::Scalar, at::native::detail::ClampLimits)::[lambda() (instance 1)]::operator ()() const::[lambda() (instance 4)]::operator ()() const::[lambda(long) (instance 1)], std::array<char *, (unsigned long)2>>(int, T2, T3)"
0.0,11808,1,11808.0,11808.0,11808,11808,0.0,"void at::native::index_elementwise_kernel<(int)128, (int)4, void at::native::gpu_index_kernel<void at::native::index_kernel_impl<at::native::OpaqueType<(int)2>>(at::TensorIteratorBase &, c10::ArrayRef<long>, c10::ArrayRef<long>)::[lambda(char *, const char *, long) (instance 1)]>(at::TensorIteratorBase &, c10::ArrayRef<long>, c10::ArrayRef<long>, const T1 &, bool)::[lambda(int) (instance 1)]>(long, T3)"
0.0,6656,1,6656.0,6656.0,6656,6656,0.0,_gumbel_sample_kernel
0.0,6496,4,1624.0,1328.0,1056,2784,784.0,"void at::native::vectorized_elementwise_kernel<(int)4, void at::native::compare_scalar_kernel<int>(at::TensorIteratorBase &, at::native::<unnamed>::OpType, T1)::[lambda(int) (instance 1)], std::array<char *, (unsigned long)2>>(int, T2, T3)"
0.0,5408,4,1352.0,1072.0,1056,2208,570.9,"void at::native::vectorized_elementwise_kernel<(int)4, at::native::CUDAFunctor_add<int>, std::array<char *, (unsigned long)3>>(int, T2, T3)"
0.0,3776,1,3776.0,3776.0,3776,3776,0.0,kernel
0.0,3680,1,3680.0,3680.0,3680,3680,0.0,"void at::native::unrolled_elementwise_kernel<at::native::FillFunctor<long>, std::array<char *, (unsigned long)1>, (int)4, TrivialOffsetCalculator<(int)0, unsigned int>, TrivialOffsetCalculator<(int)1, unsigned int>, at::native::memory::LoadWithoutCast, at::native::memory::StoreWithoutCast>(int, T1, T2, T4, T5, T6, T7)"
0.0,3104,2,1552.0,1552.0,1504,1600,67.9,"void at::native::unrolled_elementwise_kernel<at::native::FillFunctor<int>, std::array<char *, (unsigned long)1>, (int)4, TrivialOffsetCalculator<(int)0, unsigned int>, TrivialOffsetCalculator<(int)1, unsigned int>, at::native::memory::LoadWithoutCast, at::native::memory::StoreWithoutCast>(int, T1, T2, T4, T5, T6, T7)"
0.0,3040,1,3040.0,3040.0,3040,3040,0.0,"void at::native::reduce_kernel<(int)512, (int)1, at::native::ReduceOp<float, at::native::ArgMaxOps<float>, unsigned int, long, (int)4, (int)4>>(T3)"
0.0,3040,1,3040.0,3040.0,3040,3040,0.0,"void at_cuda_detail::cub::detail::scan::DeviceScanInitKernel<at_cuda_detail::cub::ScanTileState<int, (bool)1>>(T1, int)"
0.0,2464,1,2464.0,2464.0,2464,2464,0.0,_copy_page_indices_kernel
0.0,2432,1,2432.0,2432.0,2432,2432,0.0,"void at::native::unrolled_elementwise_kernel<at::native::FillFunctor<bool>, std::array<char *, (unsigned long)1>, (int)4, TrivialOffsetCalculator<(int)0, unsigned int>, TrivialOffsetCalculator<(int)1, unsigned int>, at::native::memory::LoadWithoutCast, at::native::memory::StoreWithoutCast>(int, T1, T2, T4, T5, T6, T7)"
0.0,2304,1,2304.0,2304.0,2304,2304,0.0,_prepare_prefill_inputs_kernel
0.0,1728,1,1728.0,1728.0,1728,1728,0.0,"void at_cuda_detail::cub::detail::scan::DeviceScanInitKernel<at_cuda_detail::cub::ScanTileState<long, (bool)1>>(T1, int)"
0.0,1568,1,1568.0,1568.0,1568,1568,0.0,"void at_cuda_detail::cub::detail::scan::DeviceScanKernel<at_cuda_detail::cub::detail::scan::policy_hub<int, int, int, unsigned int, std::plus<int>>::Policy1000, const int *, int *, at_cuda_detail::cub::ScanTileState<int, (bool)1>, std::plus<int>, at_cuda_detail::cub::NullType, unsigned int, int, (bool)0, at_cuda_detail::cub::NullType>(T2, T3, T4, int, T5, T6, T7)"
0.0,1280,1,1280.0,1280.0,1280,1280,0.0,"void at_cuda_detail::cub::detail::scan::DeviceScanKernel<at_cuda_detail::cub::detail::scan::policy_hub<long, long, long, unsigned int, std::plus<long>>::Policy1000, const long *, long *, at_cuda_detail::cub::ScanTileState<long, (bool)1>, std::plus<long>, at_cuda_detail::cub::NullType, unsigned int, long, (bool)0, at_cuda_detail::cub::NullType>(T2, T3, T4, int, T5, T6, T7)"
0.0,992,1,992.0,992.0,992,992,0.0,"void at::native::<unnamed>::CatArrayBatchedCopy_alignedK_contig<at::native::<unnamed>::OpaqueType<(unsigned int)4>, unsigned int, (int)1, (int)128, (int)1, (int)16>(T1 *, at::native::<unnamed>::CatArrInputTensorMetadata<T1, T2, T4, T5>, at::native::<unnamed>::TensorSizeStride<T2, (unsigned int)4>, int, T2)"
